url,username,password
chrome://FirefoxAccounts,390621b7ae85439c82c0a62cd491ed33,"{""version"":1,""accountData"":{""kSync"":""2b5f6cb83c8990e0f7881c93734001a2b5fcd8c604a5dfab948d8c8b91ef825f7a91a44e2d01838a9980e18e7cacedf1fab90c1c39901a939b8b92cc5f75417e"",""kXCS"":""bbbe58a5ba3769ac0493de5a54b988a3"",""kExtSync"":""6bfd80bc284606456a96f15002680fbc8a2a677ef53564d59c0529dd829be06257f246f04ae2c76d2f63b38f3b1dbcb76973828443c281feda254f7202eb891f"",""kExtKbHash"":""0b57ce8e5b220e4f45df06c65e3e18295957fe3fe9ba65d947ad9ad64695291e""}}"
https://accounts.firefox.com,nickydragon1999@gmail.com,nickday4mecool
https://ru.4game.com,nickfifa11cool@gmail.com,fifa11cool
https://ru.4game.com,nickfifa11cool@gmail.com,fifa11cool
https://www.ableton.com,nickfifa11cool@gmail.com,fifa11cool
https://www.ableton.com,nickfifa11cool@gmail.com,fifa11cool
https://www.amazon.com,nickydragon1999@gmail.com,fifa11cool
https://appleid.apple.com,nickydragon1999@gmail.com,Fifa11cool
https://appleid.apple.com,nickydragon1999@gmail.com,Fifa11cool
https://secure2.store.apple.com,nickydragon1999@gmail.com,Fifa11cool
https://secure2.store.apple.com,nickydragon1999@gmail.com,Fifa11cool
https://aur.archlinux.org,nickydragon1999@gmail.com,fifa11cool
https://registration.cadence.com,,Fifa11cool
http://e-learning.iptcs.chnu.edu.ua,165885,Fifa11cool!
http://e-learning.iptcs.chnu.edu.ua,165885,Fifa11cool!
chrome://firefoxaccounts,0489fd292bd642ff8c900d76375b2bde,"{""version"":1,""accountData"":{""kSync"":""d576b8c27b886a56af19410b17354bab49e1822d461dd48a930ef2f8699239f9860c01ee41d97344d353e6ca37451099e99cdfbce57b6a2d518e47360b78dc0a"",""kXCS"":""2503918d35aa0cf512d7c2a02e8d2bcf"",""kExtSync"":""68041b31e7b33856f9e02d0cb43d2931ec52b9038ae7b6163f62829cab3de57e88bdc955ddb72527fd8e981f4acea33509af8d7693760636be5adfb88e25920e"",""kExtKbHash"":""f3236f3ae9c5ffff41c3bf06aa4559e17546b381f846ff2e977bb5d43b33a7df""}}"
https://identity.cisco.com,nickydragon1999@gmail.com,Fifa11cool
http://copycentr.org,nickfifa11cool@gmail.com,fifa11cool
http://copycentr.org,nickfifa11cool@gmail.com,fifa11cool
https://id.ddestiny.ru,nickydragon1999@gmail.com,fifa11cool
https://id.ddestiny.ru,nickydragon1999@gmail.com,fifa11cool
https://divan.tv,,fifa11ool
https://dreamteam.gg,nickfifa11cooL@gmail.com,fifa11cool
https://www.dropbox.com,nickfifa11cool@gmail.com,nickday4me
https://www.dropbox.com,nickfifa11cool@gmail.com,nickday4me
https://uk.duolingo.com,nickydragon1999@gmail.com,fifa11cool
https://www.element14.com,day4me,Fifa11cool@
https://www.embarcadero.com,nickfifa11cool@gmail.com,fifa11cool
https://www.embarcadero.com,nickfifa11cool@gmail.com,fifa11cool
https://www.faceit.com,day4me_nick,fifa11cool
https://www.faceit.com,day4me_nick,fifa11cool
https://www.faceit.com,fifa11cool@yandex.ua,fifa11cool
https://www.faceit.com,fifa11cool@yandex.ua,fifa11cool
https://www.faceit.com,nickfifa11cool@gmail.com,fifa11cool
https://www.faceit.com,nickfifa11cool@gmail.com,fifa11cool
https://filmix.co,day4me,fifa11cool
https://accounts.firefox.com,nickydragon1999@gmail.com,fifa11cool
https://id.g2a.com,,Fifa11cool
https://github.com,day4me,day4mecool
https://github.com,day4me,fifa11cool
https://l10n.gnome.org,day4me,fifa11cool
https://accounts.google.com,nickfifa11cool@gmail.com,nickday4me
https://accounts.google.com,nickfifa11cool@gmail.com,nickday4me
https://accounts.google.com,nickydragon1999@gmail.com,day4mecool
https://accounts.google.com,nickydragon1999@gmail.com,fifa11cool
https://www.humblebundle.com,nickydragon1999@gmail.com,fifa11cool
http://ideone.com,day4me,fifa11cool
http://ideone.com,day4me,fifa11cool
https://ideone.com,day4me,fifa11cool
http://ideone.com,nickydragon1999@gmail.com,fifa11cool
http://ideone.com,nickydragon1999@gmail.com,fifa11cool
https://ideone.com,nickydragon1999@gmail.com,fifa11cool
https://support.image-line.com,nickydragon1999@gmail.com,fifa11cool
https://support.image-line.com,nickydragon1999@gmail.com,fifa11cool
https://account.jetbrains.com,day4me,fifa11cool
https://account.jetbrains.com,day4me,fifa11cool
https://www.kurnik.pl,day4me,fifa11cool
https://www.kurnik.pl,day4me,fifa11cool
https://www.lingq.com,day4me,fifa11cool
https://cloud.linode.com,day4me,fifa11cool
https://login.linode.com,day4me,fifa11cool
https://manager.linode.com,day4me,fifa11cool
https://www.mongodb.com,Kozak,fifa11cool!
https://www.mongodb.com,Kozak,fifa11cool!
http://www.mooma.sh,nickydragon1999@gmail.com,fifa11cool
http://www.mooma.sh,nickydragon1999@gmail.com,fifa11cool
https://www.mtcgame.com,nickydragon1999@gmail.com,fifa11cool
https://www.my-private-network.co.uk,nickydragon1999@gmail.com,fifa11cool
https://www.my-private-network.co.uk,nickydragon1999@gmail.com,fifa11cool
https://www.netacad.com,nickydragon1999@gmail.com,Fifa11cool
https://www.netflix.com,nickydragon1999@gmail.com,fifa11cool
https://www.netflix.com,nickydragon1999@gmail.com,fifa11cool
http://nnmclub.to,nickydragon1999@gmail.com,fifa11cool
http://nnmclub.to,nickydragon1999@gmail.com,fifa11cool
https://openssource.info,nickydragon1999@gmail.com,fifa11cool
https://openssource.info,nickydragon1999@gmail.com,fifa11cool
https://www.packtpub.com,Kozak,Fifa11cool
https://www.packtpub.com,Kozak,Fifa11cool
https://www.parimatch.com,nickydragon1999@gmail.com,Fifa11cool
https://air.parimatch.com,(96) 958 - 87 - 57,Fifa11cool
https://air.parimatch.com,nickydragon1999@gmail.com,Fifa11cool
https://www.patreon.com,nickydragon1999@gmail.com,fifa11cool
https://www.paypal.com,nickydragon1999@gmail.com,fifa11cool
https://www.paypal.com,nickydragon1999@gmail.com,fifa11cool
https://petition.president.gov.ua,nickydragon1999@gmail.com,fifa11cool
http://courses.prometheus.org.ua,nicklaus,fifa11cool
https://courses.prometheus.org.ua,nicklaus,fifa11cool
http://pshack.net,nickydragon1999@gmail.com,fifa11cool
http://pshack.net,nickydragon1999@gmail.com,fifa11cool
https://www.reddit.com,day4me_nick,day4mecool
https://www.reddit.com,day4me_nick,day4mecool
https://accounts.reddit.com,day4me_nick,day4mecool
https://rozetka.com.ua,nickydragon1999@gmail.com,Fifa11cool
http://rutracker-pro.org,day4me,fifa11cool
http://rutracker-pro.org,day4me,fifa11cool
https://rutracker.org,day4me,fifa11cool
https://rutracker.org,day4me,fifa11cool
https://shikimori.one,day4me,fifa11cool
https://shikimori.org,day4me,fifa11cool
https://www.spotify.com,day4me,Nickday4me757cool
https://accounts.spotify.com,day4me,Nickday4me757cool
https://accounts.spotify.com,day4me,Nickday4me757cool
https://play.spotify.com,day4me,Nickday4me757cool
https://store.steampowered.com,nickykozak,fifa11cool
https://store.steampowered.com,nickykozak,fifa11cool
https://www.tunnelbear.com,nickfifa11cool@gmail.com,fifa11cool
https://www.tunnelbear.com,nickfifa11cool@gmail.com,fifa11cool
https://tvplayer.com,nickydragon1999@gmail.com,Fifa11cool
https://www.twirpx.com,nickydragon1999@gmail.com,fifa11cool
android://dKranQB7c5H2WKHJF5rygyRh5-vrf7ZVODNX_XoJgJ5YncxgwK7vbH1kZrYCLmv68MEawe5nFA-sfKQk9mrbFQ==@tv.twitch.android.app,day4me,Linuxd4m75799cool
https://www.twitch.tv,day4me,Linuxd4m75799cool
https://passport.twitch.tv,day4me,Linuxd4m75799cool
https://twitter.com,Mukola17,day4me1999
https://twitter.com,nickfifa11cool@gmail.com,day4me1999
https://twitter.com,nickfifa11cool@gmail.com,day4me1999
https://www.udemy.com,nickydragon1999@gmail.com,fifa11cool
http://booking.uz.gov.ua,nickfifa11cool@gmail.com,fifa11cool
http://booking.uz.gov.ua,nickfifa11cool@gmail.com,fifa11cool
https://vk.com,380969588757,day4me1999
https://vk.com,380969588757,day4me1999
https://www.wakanim.tv,nickydragon1999@gmail.com,fifa11cool
https://wallhere.com,nickydragon1999@gmail.com,fifa11cool
https://passport.yandex.ua,fifa11,nickfifa12coolsuper
https://zenmate.com,nickfifa11cool@gmail.com,fifa11cool
https://zenmate.com,nickfifa11cool@gmail.com,fifa11cool
https://ua.zenmate.com,nickfifa11cool@gmail.com,fifa11cool
https://ua.zenmate.com,nickfifa11cool@gmail.com,fifa11cool
https://mega.nz,nickydragon1999@gmail.com,nickday4mecool
https://my.rozetka.com.ua,,Day4mecool
